Saturday Night Live, 4:00, 4824450, Kellywise - SNL
LastWeekTonight, 15:22, 1860782, Equifax: Last Week Tonight with John Oliver (HBO)
BuzzFeedVideo, 14:45, 5304010, $3 Ramen Vs. $79 Ramen • Japan
Smosh, 3:45, 360977, EVERY HAUNTED HOUSE EVER
Seeker, 2:31, 225790, The U.S. &amp; Russia Are Building a Deep Space Gateway COMMA Here&#39;s What You Need to Know
Logan Paul Vlogs, 3:37, 7623715, Logan Paul - Outta My Hair [Official Music Video]
Netflix, 2:49, 8064565, Stranger Things 2 | Final Trailer [HD] | Netflix
BuzzFeedBlue, 12:06, 1418589, I Hired A CIA Spy To Find My Secret Photo
consumer, 2:24, 232897, John Oliver - Harvey Weinstein
Boldly, 7:51, 718990, I Got The Perfect Suit For My Wedding
CollegeHumor, 4:13, 617238, Now Is the Time to Do Something
Good Mythical Morning, 13:35, 444843, WEIRDEST CELEBRITY PHOBIAS GAME
Safiya Nygaard, 13:34, 3261393, Mixing All My Eyeshadows Together
Tom Scott, 3:29, 237948, Why California&#39;s Musical Road Sounds Terrible
HellthyJunkFood, 4:21, 393931, RICK AND MORTY SZECHUAN SAUCE VS HOMEMADE
Professorlive, 8:31, 17700185, Professor vs Trash Talker 1v1 for $100.. EPIC beach court
thenba2013, 3:14, 6396497, Dwight Dunks On 12 Foot Rim - 2009 Slam Dunk Contest (HD)
The Highlight Factory, 6:09, 6874076, Most Savage Moments in Sports History
Hoop Journey, 2:34, 1093565, Liangelo Ball SHOWING OFF IMPROVED BOUNCE at UCLA Practice in VENICE BEACH!
pennyccw, 13:45, 16111632, Michael Jordan last 3 minutes in his FINAL BULLS GAME vs Jazz (1998)
Ace Productions, 11:58, 3056985, NBA Greatest Crowd Reactions of All Time!!!
Dude Perfect, 5:30, 29071819, Airplane Trick Shots | Dude Perfect
Ximo Pierto, 9:44, 2333927, Chicago Bulls vs Cleveland Cavaliers - Full Game Highlights | October 10 COMMA 2017 | 2017 NBA Preseason
BallerVisions, 10:08, 658318, Chino Hills First Game WITHOUT LAMELO! No More LAVAR SYSTEM! Ofure Catches A BODY!
JABBAWOCKEEZ OFFICIAL, 7:02, 12714062, JABBAWOCKEEZ at the NBA Finals 2017
Dude Perfect, 8:11, 57025657, World Record Edition | Dude Perfect
Prime Time Ballers, 5:35, 5684601, NBA MOST SAVAGE MOMENTS OF ALL TIME!
PressCAPLOCK, 3:54, 1067184, Liangelo Ball SHOWS OFF His New Moves :: Liangelo Ball UCLA Workout
Bay Area HQ, 4:12, 854241, MICHAEL JORDAN &amp; SCOTTIE PIPPEN 2017 REUNION ! Michael Jordan Flight School Chicago Bulls Highlights
JesserTheLazer, 14:23, 747649, NBA 2K18 VS BLAKE GRIFFIN + CLIPPERS
Life Awesome, 17:16, 15606071, TRY NOT TO LAUGH or GRIN - Funny Kids Fails Compilation 2016 Part 7 by Life Awesome
Sport Vines World, 10:18, 895587, The Best Sports Vines - OCTOBER 2017
Funny Vines, 11:07, 12603953, NEW Zach King magic vines compilation 2017 - Best Magic Tricks Ever
Funny Vines, 12:27, 3811235, TRY NOT TO LAUGH or GRIN: Eh Bee Family Vine Compilation 2017 | Funny Vine
Life Awesome, 15:58, 193077701, TRY NOT TO LAUGH or GRIN - Funny Kids Fails Compilation 2016 Part 8 by Life Awesome
Vine Zone, 10:41, 1059503, Best Lele Pons Instagram Videos - Vine Zone✔
Best100Vines, 6:46, 25027379, VINE FAIL COMPILATION
CooL Vines, 10:54, 38444869, Try Not To Laugh Challenge - Funny Cat &amp; Dog Vines compilation 2017
Best Viners 2, 11:22, 44530677, Try Not To Laugh or Grin While Watching Funny Kids Vines - Best Viners 2016
Vine Age, 12:45, 53996415, Try Not To Laugh Watching America&#39;s Funniest Home Videos - Vine Age✔
Top Viners, 15:56, 28648562, Try Not to Laugh or Grin Challenge - Darius Benson Vines Compilation | Top Viners
Best Viners 2, 17:37, 14120840, Try Not To Laugh or Grin While Watching AFV Funny Vines - Best Viners 2017
CooL Vines, 26:10, 22258384, Try Not To Laugh Challenge - Funny Kids Fails Vines compilation 2017
Willis Pillis, 2:33, 944247, Rip Vine (My Favs)
Funny Vines, 10:35, 55834440, AFV Funny Vines Fails Compilation - Best Vines 2016
50 Stars, 14:26, 355468, Smart Christian man SCHOOLS Bill Maher
The Late Show with Stephen Colbert, 5:27, 2427431, White Supremacists COMMA You Won&#39;t Like Your DNA Results
Leo Deki, 6:23, 1371519, Russell Brand Eloquently Owns Bill Maher and his Entire Panel
The Tonight Show Starring Jimmy Fallon, 5:05, 36222363, Wheel of Impressions with Kevin Spacey
OWN, 4:49, 2222283, A Sexy Mom&#39;s Revealing Makeunder | The Oprah Winfrey Show | Oprah Winfrey Network
This Morning, 6:20, 2697457, Holly and Phillip Meet Samantha the Sex Robot | This Morning
The Tonight Show Starring Jimmy Fallon, 6:26, 4477716, Gal Gadot Tries a Reese&#39;s Peanut Butter Cup for the First Time
The Late Show with Stephen Colbert, 6:54, 5212700, Andy Serkis Becomes Gollum To Read Trump&#39;s Tweets
Good Morning America, 6:49, 7638222, Tinder couple whose 3 years of messages went viral meets for 1st time on &#39;GMA&#39;
The Late Show with Stephen Colbert, 12:38, 4617707, Take A Side COMMA Mr. President: Nazis Or Not Nazis
The Tonight Show Starring Jimmy Fallon, 8:12, 43624446, Wheel of Musical Impressions with Jamie Foxx
The Tonight Show Starring Jimmy Fallon, 6:14, 100491696, Wheel of Musical Impressions with Ariana Grande
eSight, 7:03, 7661657, eSight on Rachael Ray: Gene Sees for the First Time!
Caso Cerrado, 16:38, 6359390, Retando a mis hijos | Caso Cerrado | Telemundo
The Jonathan Ross Show, 2:34, 3790763, Kit Harington’s Epic April Fools Day Prank On Rose Leslie - The Jonathan Ross Show
Jaydon, 13:39, 30025717, Greatest Trick Plays in Football History
HighlightComps, 8:12, 3945586, NFL &quot;What Are You Doing?&quot; Moments
Savage Brick Sports, 10:04, 818830, The Best Trucks in NFL History
WDB, 5:38, 2791389, NFL Smartest Plays Of All Time (2017)
Crooked TV, 11:14, 14169990, 10 Knockouts In The NFL - BIG HITS
no life without sport, 13:12, 3405427, Best NFL fights of all time
Jaydon, 4:33, 10402021, Top 5 Worst Plays Of All Time | NFL
TheLookin4now, 16:09, 8614618, Top 10 Hardest Football Knockout Hits
Bad Lip Reading, 5:58, 13736331, &quot;NFL 2017&quot; — A Bad Lip Reading of the NFL
NFL Films, 6:56, 1149159, Proper Football Etiquette: Please &amp; Thank You Goes a Long Way | NFL Films Presents
NFL, 11:37, 1223699, Eagles vs. Panthers | NFL Week 6 Game Highlights
NFL, 12:32, 1933411, Packers vs. Cowboys | NFL Week 5 Game Highlights
NFL, 7:56, 1511642, Panthers vs. Patriots | NFL Week 4 Game Highlights
NFL, 7:33, 734861, Vikings vs. Bears | NFL Week 5 Game Highlights
NFL, 7:57, 1086650, Chiefs vs. Texans | NFL Week 5 Game Highlights
Rick and Morty, 4:49, 1844183, Rick And Morty (Season 3) - Rick vs The President
Tim Park, 4:55, 2386217, Rick and Morty COMMA S3 E3 - Pickle Rick&#39;s Rat Suit Transformation
tiarawhy, 5:45, 521336, Rick and Morty : The Delicious Taste of Ice Cream
Rick and Morty, 5:04, 683735, Rick And Morty - Messed Up Moments Part 2 (Season 3)
Adult Swim, 3:42, 5023317, Rick and Morty Exquisite Corpse | Rick and Morty | Adult Swim
Rick and Morty, 10:40, 1948570, Rick And Morty - DARKEST Moments (Season 3)
Spacebound, 10:56, 2214549, 10 SECRETS Rick And Morty Want YOU TO SEE!
Rick and Morty, 4:52, 679109, Rick And Morty - DARKEST Moments Part 3 (Season 3)
The Film Theorists, 18:04, 5148061, Film Theory: Why Morty WILL KILL Rick! (Rick and Morty)
Random Clips, 25:28, 7134478, Every Death in Rick and Morty
The Film Theorists, 15:17, 4596809, Film Theory: Pickle Rick ACTUALLY WORKS! (Rick and Morty COMMA Feat. DAN HARMON!)
RoyishGoodLooks, 2:36, 3071568, I&#39;m Mr. Meeseeks (Rick and Morty remix song)
New Rockstars, 20:34, 4291305, Rick and Morty - 50 Jokes &amp; References You Missed
Not Dan Harmon, 10:01, 419826, Rick and Morty Szechuan Sauce &quot;Riot&quot; in LA
PewDiePie, 11:06, 5236576, STOP RUINING RICK AND MORTY
America&#39;s Got Talent, 4:25, 38658433, Darci Lynne: 12-Year-Old Singing Ventriloquist Gets Golden Buzzer - America&#39;s Got Talent 2017
America&#39;s Got Talent, 4:24, 19100768, Darci Lynne: Kid Ventriloquist Sings With A Little Help From Her Friends - America&#39;s Got Talent 2017
America&#39;s Got Talent, 4:07, 15872397, Angelica Hale: 9-Year-Old Earns Golden Buzzer From Chris Hardwick - America&#39;s Got Talent 2017
America&#39;s Got Talent, 3:21, 10999814, Darci Lynne: Young Ventriloquist Performs Diva Classic - America&#39;s Got Talent 2017
America&#39;s Got Talent, 3:39, 11639993, Paul Zerdin: Dummy Still Performs After Ventriloquist Walks Off Stage - America&#39;s Got Talent 2015
America&#39;s Got Talent, 3:34, 38343658, Celine Tam: 9-Year-Old Stuns Crowd with &quot;My Heart Will Go On&quot; - America&#39;s Got Talent 2017
America&#39;s Got Talent, 5:16, 10572477, Demian Aditya: Escape Artist Attempts Deadly Performance - America&#39;s Got Talent 2017
FilmSelect Trailer, 8:51, 3527302, JUSTICE LEAGUE Final Extended Trailer (2017)
FilmSelect Trailer, 4:34, 4150235, STAR WARS 8 The Last Jedi Trailer 2 (Extended) 2017
Warner Bros. Pictures, 3:14, 20402749, JUSTICE LEAGUE - Official Heroes Trailer
Movie Raze - Trailers &amp; Movie Clips!, 11:25, 4436246, IT &quot;Behind The Scenes&quot; (2017) Stephen Kings Horror Movie (HD)
Viacom18 Motion Pictures, 3:10, 31964390, Padmavati | Official Trailer | 1st December | Ranveer Singh | Shahid Kapoor | Deepika Padukone
Aaron Fraser-Nash, 4:19, 2875429, Pennywise Sings a Song (Stephen King&#39;s &#39;It&#39; Parody)
But Without, 2:26, 17039535, IT (2017) TRAILER BUT IT&#39;S THE CAT IN THE HAT
Star Wars, 2:13, 42056332, Star Wars: The Last Jedi Official Teaser
Looper, 7:08, 1132857, Everything You Missed In The Last Jedi Trailer
Legendary, 2:24, 6775373, Pacific Rim Uprising - Official Trailer (HD)
Star Wars Theory, 8:32, 891711, Star Wars The Last Jedi Trailer BREAKDOWN In-Depth - Star Wars Explained
Universal Pictures, 2:31, 6466131, Happy Death Day - Official Trailer - In Theaters Friday The 13th October (HD)
Demi Lovato, 2:10, 987211, Demi Lovato: Simply Complicated - Official Trailer - Coming to YouTube Oct 17th
FilmSelect Trailer, 5:04, 7937816, STAR WARS 8: New Clip + Trailer (2017)
TN Film, 24:06, 9521018, Despicable Me 3 - ALL Best Scenes - Minions Gru And Dru | HD
